-- phpMyAdmin SQL Dump
-- version 3.4.5
-- http://www.phpmyadmin.net
--
-- Host: localhost
-- Generation Time: Oct 01, 2014 at 02:20 AM
-- Server version: 5.5.16
-- PHP Version: 5.3.8

SET SQL_MODE="NO_AUTO_VALUE_ON_ZERO";
SET time_zone = "+00:00";


/*!40101 SET @OLD_CHARACTER_SET_CLIENT=@@CHARACTER_SET_CLIENT */;
/*!40101 SET @OLD_CHARACTER_SET_RESULTS=@@CHARACTER_SET_RESULTS */;
/*!40101 SET @OLD_COLLATION_CONNECTION=@@COLLATION_CONNECTION */;
/*!40101 SET NAMES utf8 */;

--
-- Database: `smsg`
--

-- --------------------------------------------------------

--
-- Table structure for table `akses`
--

CREATE TABLE IF NOT EXISTS `akses` (
  `id` int(1) NOT NULL,
  `akses` varchar(30) NOT NULL
) ENGINE=InnoDB DEFAULT CHARSET=latin1;

--
-- Dumping data for table `akses`
--

INSERT INTO `akses` (`id`, `akses`) VALUES
(1, 'admin'),
(2, 'user'),
(3, 'guest');

-- --------------------------------------------------------

--
-- Table structure for table `akses_menu`
--

CREATE TABLE IF NOT EXISTS `akses_menu` (
  `id_am` int(2) NOT NULL AUTO_INCREMENT,
  `id_akses` int(2) NOT NULL DEFAULT '0',
  `fitur` int(1) NOT NULL,
  `id_m` int(2) NOT NULL,
  PRIMARY KEY (`id_am`)
) ENGINE=InnoDB  DEFAULT CHARSET=latin1 AUTO_INCREMENT=44 ;

--
-- Dumping data for table `akses_menu`
--

INSERT INTO `akses_menu` (`id_am`, `id_akses`, `fitur`, `id_m`) VALUES
(1, 1, 6, 1),
(2, 1, 6, 2),
(3, 1, 6, 3),
(4, 1, 6, 4),
(5, 1, 6, 5),
(6, 1, 6, 6),
(7, 1, 6, 7),
(8, 1, 6, 8),
(9, 1, 6, 9),
(10, 2, 6, 1),
(11, 2, 6, 2),
(12, 2, 6, 3),
(13, 2, 6, 4),
(14, 2, 0, 5),
(15, 2, 4, 6),
(16, 2, 4, 7),
(17, 2, 0, 8),
(18, 2, 0, 9),
(19, 3, 2, 1),
(20, 3, 0, 2),
(21, 3, 0, 3),
(22, 3, 0, 4),
(23, 3, 0, 5),
(24, 3, 6, 6),
(25, 3, 0, 7),
(26, 3, 0, 8),
(27, 3, 0, 9),
(28, 1, 6, 10),
(29, 2, 4, 10),
(30, 3, 4, 10),
(31, 1, 6, 11),
(32, 2, 6, 11),
(33, 3, 6, 11),
(34, 1, 6, 12),
(35, 2, 6, 12),
(36, 3, 2, 12),
(37, 1, 6, 13),
(38, 2, 6, 13),
(39, 3, 6, 13),
(40, 1, 6, 14),
(41, 1, 6, 15),
(42, 2, 6, 15),
(43, 3, 6, 15);

-- --------------------------------------------------------

--
-- Table structure for table `daemons`
--

CREATE TABLE IF NOT EXISTS `daemons` (
  `Start` text NOT NULL,
  `Info` text NOT NULL
) ENGINE=MyISAM DEFAULT CHARSET=utf8;

--
-- Dumping data for table `daemons`
--

INSERT INTO `daemons` (`Start`, `Info`) VALUES
('off', 'gammu');

-- --------------------------------------------------------

--
-- Table structure for table `download`
--

CREATE TABLE IF NOT EXISTS `download` (
  `id` int(11) NOT NULL AUTO_INCREMENT,
  `counter` int(11) NOT NULL DEFAULT '0',
  PRIMARY KEY (`id`)
) ENGINE=InnoDB  DEFAULT CHARSET=latin1 AUTO_INCREMENT=2 ;

--
-- Dumping data for table `download`
--

INSERT INTO `download` (`id`, `counter`) VALUES
(1, 12);

-- --------------------------------------------------------

--
-- Table structure for table `draf`
--

CREATE TABLE IF NOT EXISTS `draf` (
  `id` int(4) NOT NULL AUTO_INCREMENT,
  `user_id` int(4) NOT NULL,
  `title` varchar(55) NOT NULL,
  `content` varchar(160) NOT NULL,
  PRIMARY KEY (`id`)
) ENGINE=InnoDB DEFAULT CHARSET=latin1 AUTO_INCREMENT=1 ;

-- --------------------------------------------------------

--
-- Table structure for table `folder`
--

CREATE TABLE IF NOT EXISTS `folder` (
  `id` int(3) NOT NULL AUTO_INCREMENT,
  `user_id` int(4) NOT NULL,
  `name` varchar(55) NOT NULL,
  PRIMARY KEY (`id`)
) ENGINE=InnoDB DEFAULT CHARSET=latin1 AUTO_INCREMENT=1 ;

-- --------------------------------------------------------

--
-- Table structure for table `gammu`
--

CREATE TABLE IF NOT EXISTS `gammu` (
  `Version` int(11) NOT NULL DEFAULT '0'
) ENGINE=MyISAM DEFAULT CHARSET=utf8;

--
-- Dumping data for table `gammu`
--

INSERT INTO `gammu` (`Version`) VALUES
(13);

-- --------------------------------------------------------

--
-- Table structure for table `inbox`
--

CREATE TABLE IF NOT EXISTS `inbox` (
  `UpdatedInDB` timestamp NOT NULL DEFAULT CURRENT_TIMESTAMP ON UPDATE CURRENT_TIMESTAMP,
  `ReceivingDateTime` timestamp NOT NULL DEFAULT '0000-00-00 00:00:00',
  `Text` text NOT NULL,
  `SenderNumber` varchar(20) NOT NULL DEFAULT '',
  `Coding` enum('Default_No_Compression','Unicode_No_Compression','8bit','Default_Compression','Unicode_Compression') NOT NULL DEFAULT 'Default_No_Compression',
  `UDH` text NOT NULL,
  `SMSCNumber` varchar(20) NOT NULL DEFAULT '',
  `Class` int(11) NOT NULL DEFAULT '-1',
  `TextDecoded` text NOT NULL,
  `ID` int(10) unsigned NOT NULL AUTO_INCREMENT,
  `RecipientID` text NOT NULL,
  `Processed` enum('false','true') NOT NULL DEFAULT 'false',
  PRIMARY KEY (`ID`)
) ENGINE=MyISAM  DEFAULT CHARSET=utf8 AUTO_INCREMENT=43 ;

--
-- Dumping data for table `inbox`
--

INSERT INTO `inbox` (`UpdatedInDB`, `ReceivingDateTime`, `Text`, `SenderNumber`, `Coding`, `UDH`, `SMSCNumber`, `Class`, `TextDecoded`, `ID`, `RecipientID`, `Processed`) VALUES
('2014-09-11 08:26:41', '2014-09-11 08:26:25', '0054006500720069006D00610020006B006100730069006800200074006C00680020006D0065006C0061006B0075006B0061006E002000690073006900200075006C0061006E0067002000740067006C002E002000310030002E00300039002E0032003000310034002E00200047005200410054004900530020004E0045004C0050004F004E002000360030004D0065006E00690074002B0056004900440045004F002C002000740065006B0061006E0020002A003500310035002A00310023', 'INDOSAT', 'Default_No_Compression', '', '+62816124', -1, 'Terima kasih tlh melakukan isi ulang tgl. 10.09.2014. GRATIS NELPON 60Menit+VIDEO, tekan *515*1#', 1, '', 'false'),
('2014-09-12 09:27:36', '2014-09-12 05:30:09', '00540071002000770061006E002E002E', '+6281317911758', 'Default_No_Compression', '', '+6281100000', -1, 'Tq wan..', 2, '', 'false'),
('2014-09-12 09:27:37', '2014-09-12 01:23:44', '0041007300730077007200770062002E002E002E00770061006E002E002E006E0061006E0074006900200074006F006C006F006E006700200070006500730065006E0020006B00650020006100640069006B0020006D0075002C00200075006E00740075006B00200064006100740061006E00670020006B0065006B0075006D006F006E0020006C00670020006800610072006900200069006E0069002E006D0061006B006100730069', '+6281317911758', 'Default_No_Compression', '', '+6281100000', -1, 'Asswrwb...wan..nanti tolong pesen ke adik mu, untuk datang kekumon lg hari ini.makasi', 3, '', 'false'),
('2014-09-12 09:27:37', '2014-09-11 17:02:31', '00520065006D0069006E006400650072003A00200049006E0066006F0020004B0061006D0070007500730026004200650061007300690073007700610020002800400042006500720069007400610042006500610073006900730077006100290020006800610073002000730065006E007400200079006F0075002000610020006400690072002E002E002E0020004000200046007200690020005300650070002000310032002C00200032003000310034002000310032003A003000320061006D0020002800730065006E00640073006D00730029', 'Google', 'Default_No_Compression', '', '+46701799410', -1, 'Reminder: Info Kampus&Beasiswa (@BeritaBeasiswa) has sent you a dir... @ Fri Sep 12, 2014 12:02am (sendsms)', 4, '', 'false'),
('2014-09-12 09:27:37', '2014-09-11 17:03:36', '004C0061006E006700730075006E0067002000640061007200690020004000420065007200690074006100420065006100730069007300770061003A000A00480069002E002E0020006D0061006B0061007300690068002000790061002000730064006800200066006F006C006C006F00770020003A002900200069006E0076006900740065002000500049004E002000420042002000410064006D0069006E002000790061002E002E00200020003700410033003900300042003700450020002F0020005700410020003000380035003700320032003400330036003800330038000A000A006D002E0074007700690074007400650072002E0063006F006D002F006D0065007300730061006700650073', '89887', 'Default_No_Compression', '', '+62816124', -1, 'Langsung dari @BeritaBeasiswa:\nHi.. makasih ya sdh follow :) invite PIN BB Admin ya..  7A390B7E / WA 085722436838\n\nm.twitter.com/messages', 5, '', 'false'),
('2014-09-12 09:27:37', '2014-09-11 19:49:43', '00400069006E007300740061006700720061006D003A00200042006500680069006E006400200074006800650020007300630065006E0065007300200061007400200023004E00590046005700200068007400740070003A002F002F0074002E0063006F002F00570061004D0032004A006A006A0043004B0032002F0073002F005500670050007A000A000A006D002E0074007700690074007400650072002E0063006F006D002F0069006E007300740061006700720061006D', '89887', 'Default_No_Compression', '', '+62816124', -1, '@instagram: Behind the scenes at #NYFW http://t.co/WaM2JjjCK2/s/UgPz\n\nm.twitter.com/instagram', 6, '', 'false'),
('2014-09-12 09:27:37', '2014-09-11 20:18:44', '00400069006E007300740061006700720061006D003A00200045006D00620072006F00690064006500720069006E00670020006E00610074007500720065002700730020007000610074007400650072006E0073002000770069007400680020004D006500720065006400690074006800200057006F006F006C006E006F00750067006800200068007400740070003A002F002F0074002E0063006F002F0069006300780058005200310054006400650062002F0073002F004D005A004A0054000A000A006D002E0074007700690074007400650072002E0063006F006D002F0069006E007300740061006700720061006D', '89887', 'Default_No_Compression', '', '+62816124', -1, '@instagram: Embroidering nature''s patterns with Meredith Woolnough http://t.co/icxXR1Tdeb/s/MZJT\n\nm.twitter.com/instagram', 7, '', 'false'),
('2014-09-12 09:27:38', '2014-09-11 20:19:39', '00400069006E007300740061006700720061006D003A0020002200490027006D0020006D006F007400690076006100740065006400200062007900200074006800650020006E006F006E002D006D006F006D0065006E00740073002C00200067006500730074007500720065007300200061006E00640020006A00750078007400610070006F0073006900740069006F006E007300200069006E00200074006800650020006300680061006F00730020006F00660020007400680065002000630061007400770061006C006B007300200061006E006400200061006C006C0020007400680061007400200073007500720072006F0075006E006400730020007400680065006D002E00220020002D0040006C0061006E0064006F006E006E006F007200640065006D0061006E', '89887', 'Default_No_Compression', '', '+62816124', -1, '@instagram: "I''m motivated by the non-moments, gestures and juxtapositions in the chaos of the catwalks and all that surrounds them." -@landonnordeman', 8, '', 'false'),
('2014-09-12 09:27:38', '2014-09-11 23:15:05', '0047006F006F0067006C00650020004100630063006F0075006E007400200075006300680069006800650061006B0075006E00400067006D00610069006C002E0063006F006D003A002000500061007300730077006F007200640020006300680061006E006700650064002E00530065006500200067006F006F0067006C0065002E0063006F006D002F00700061007300730077006F00720064', 'Google', 'Default_No_Compression', '', '+12462530022', -1, 'Google Account uchiheakun@gmail.com: Password changed.See google.com/password', 9, '', 'false'),
('2014-09-12 09:27:38', '2014-09-11 23:16:48', '00520065006D0069006E006400650072003A00200047006F006F0067006C00650020004100630063006F0075006E0074002000700061007300730077006F007200640020006300680061006E006700650064003A00200047006F006F0067006C00650020003C006E006F002D007200650070006C00790040006100630063006F0075006E0074002E002E002E0020004000200046007200690020005300650070002000310032002C0020003200300031003400200036003A003100360061006D0020002800730065006E00640073006D00730029', 'Google', 'Default_No_Compression', '', '+40722005430', -1, 'Reminder: Google Account password changed: Google <no-reply@account... @ Fri Sep 12, 2014 6:16am (sendsms)', 10, '', 'false'),
('2014-09-12 09:27:38', '2014-09-12 01:25:48', '006700610020006D006100730075006B00200065006E007400650020007400610064', '+6285780666302', 'Default_No_Compression', '', '+62816124', -1, 'ga masuk ente tad', 11, '', 'false'),
('2014-09-12 09:27:38', '2014-09-12 02:14:25', '00640061006E00200064006D006E000A', '+6285780666302', 'Default_No_Compression', '', '+62816124', -1, 'dan dmn\n', 12, '', 'false'),
('2014-09-12 09:27:38', '2014-09-12 02:35:17', '004800690069002C0020007000610020006B00620072003F00750064006100680020006B0075006C00690061006800200062006C006D002C002C006C00690074006F', '+6285285077044', 'Default_No_Compression', '', '+6281100000', -1, 'Hii, pa kbr?udah kuliah blm,,lito', 13, '', 'false'),
('2014-09-12 09:27:38', '2014-09-12 06:48:38', '004C0067002000640020006B006D00700075007300200067003F', '+6285693019457', 'Default_No_Compression', '', '+62816124', -1, 'Lg d kmpus g?', 14, '', 'false'),
('2014-09-12 09:27:38', '2014-09-12 08:19:53', '00520065006D0069006E006400650072003A00200043006800650063006B0020006F00750074002000420065006C006C006100200041006D0061006E0064006100270073002000700068006F0074006F00730020006F006E002000460061006300650062006F006F006B003A002000460061006300650062006F006F006B0020003C00750070002E002E002E0020004000200046007200690020005300650070002000310032002C0020003200300031003400200033003A003100390070006D0020002800730065006E00640073006D00730029', 'Google', 'Default_No_Compression', '', '+40722005430', -1, 'Reminder: Check out Bella Amanda''s photos on Facebook: Facebook <up... @ Fri Sep 12, 2014 3:19pm (sendsms)', 15, '', 'false'),
('2014-09-12 09:27:38', '2014-09-12 08:49:56', '00520065006D0069006E006400650072003A002000530075006700670065007300740069006F006E00730020006200610073006500640020006F006E00200049006E0066006F0020004B0061006D00700075007300260042006500610073006900730077006100200061006E0064002000420045004C0041004A0041005200200049004E0047002E002E002E0020004000200046007200690020005300650070002000310032002C0020003200300031003400200033003A003400390070006D0020002800730065006E00640073006D00730029', 'Google', 'Default_No_Compression', '', '+46701799410', -1, 'Reminder: Suggestions based on Info Kampus&Beasiswa and BELAJAR ING... @ Fri Sep 12, 2014 3:49pm (sendsms)', 16, '', 'false'),
('2014-09-12 09:51:27', '2014-09-12 09:51:18', '00670061006D006D00750020006F006E006C0069006E0065002E002E002E', '+628561146168', 'Default_No_Compression', '', '+62816124', -1, 'gammu online...', 17, '', 'false'),
('2014-09-12 09:53:28', '2014-09-12 09:53:18', '003F003F003F003F003F003F', '+628561146168', 'Default_No_Compression', '', '+62816124', -1, '??????', 18, '', 'false'),
('2014-09-12 10:06:23', '2014-09-12 10:06:05', '0042006C006D00200069007300690020006B00720073002C0020006B006C00610073002000740065007200620061006E00670020007300690068002C002C006C006F0020006A00670020006B006C00610073002000700069006E006400610068002000790061002C002C00730079002000730065006D0069006E00610072002000700072006100200073006B0070007300690020006D006100200070006B00200074006100740061006E002C', '+6285285077044', 'Default_No_Compression', '', '+6281100000', -1, 'Blm isi krs, klas terbang sih,,lo jg klas pindah ya,,sy seminar pra skpsi ma pk tatan,', 19, '', 'false'),
('2014-09-12 10:08:03', '2014-09-12 11:07:45', '0041006D00620069006C00200073006B0073002000620072007000200073006B00720067', '+6285285077044', 'Default_No_Compression', '', '+6281100000', -1, 'Ambil sks brp skrg', 20, '', 'false'),
('2014-09-12 10:17:28', '2014-09-12 10:17:16', '0047006900740075002000790061002C002C007300790020006D0073006B0020006D00610020006B006C00610073002000410020006D006100740020006B006500750061006E00670061006E002C002000740064006900200062007500200075006C0066006100680020006D0073006B0020006E0067006B002C', '+6285285077044', 'Default_No_Compression', '', '+6281100000', -1, 'Gitu ya,,sy msk ma klas A mat keuangan, tdi bu ulfah msk ngk,', 21, '', 'false'),
('2014-09-12 10:22:30', '2014-09-12 11:22:18', '004B00610074006100200070006B00200074006100740061006E0020006D0061007400200061007300750072006E007300690020006E0067006B00200064006900200061006D00620069006C0020', '+6285285077044', 'Default_No_Compression', '', '+6281100000', -1, 'Kata pk tatan mat asurnsi ngk di ambil ', 22, '', 'false'),
('2014-09-12 10:29:03', '2014-09-12 11:28:43', '004200750020007300750064006900790061006800200061006E00610077006100740069002000620061006700750073002000790061002C0073006F0061006C007900610020007300790020006D0061007500200069006B007500700020006D002E006B00200061006E00610020006B006F006D0070', '+6285285077044', 'Default_No_Compression', '', '+6281100000', -1, 'Bu sudiyah anawati bagus ya,soalya sy mau ikup m.k ana komp', 23, '', 'false'),
('2014-09-12 10:30:15', '2014-09-12 10:30:01', '004D0061007400680020006B006500750020006D0073006B0020006D006100200062007500200075006C0066006100680020006B0061006E002C', '+6285285077044', 'Default_No_Compression', '', '+6281100000', -1, 'Math keu msk ma bu ulfah kan,', 24, '', 'false'),
('2014-09-12 10:36:40', '2014-09-12 10:36:26', '00590061002C00200061006E0020006B006F006D0070006C0065006B0073002C0020006400730065006E007900610020006200610067007500730020006E0067006B002C0068006100680061', '+6285285077044', 'Default_No_Compression', '', '+6281100000', -1, 'Ya, an kompleks, dsenya bagus ngk,haha', 25, '', 'false'),
('2014-09-12 10:40:03', '2014-09-12 11:39:51', '00680061006800610068002C002C002C006C0075002000700072006100200073006B007200690070007300690020006D0061002000730069006100700061002000790061002C002E', '+6285285077044', 'Default_No_Compression', '', '+6281100000', -1, 'hahah,,,lu pra skripsi ma siapa ya,.', 26, '', 'false'),
('2014-09-12 10:43:54', '2014-09-12 11:43:36', '006B006E007000610020006E0067006B0020006D00730075006B0020006D006100200070006B00200074006100740061006E002C002C0020006400730065006E0020007A0065006E0079007400610020007400750020006A006100720061006E00670020006D0073006B002C0068006500680065', '+6285285077044', 'Default_No_Compression', '', '+6281100000', -1, 'knpa ngk msuk ma pk tatan,, dsen zenyta tu jarang msk,hehe', 27, '', 'false'),
('2014-09-14 03:29:39', '2014-09-12 15:06:39', '004900790020006100640061006E0020006700700070002C006800680065', '+6285694254589', 'Default_No_Compression', '', '+62816124', -1, 'Iy adan gpp,hhe', 28, '', 'false'),
('2014-09-14 03:29:40', '2014-09-12 18:17:03', '00400069006E007300740061006700720061006D003A0020004200650074007700650065006E00200064007200650061006D00200061006E00640020006C006900660065002000770069007400680020004C00750062006900200061006E00640020004600750062006900200068007400740070003A002F002F0074002E0063006F002F0031004A003400670030004200380065004A006E002F0073002F0068003800720049000A000A006D002E0074007700690074007400650072002E0063006F006D002F0069006E007300740061006700720061006D', '89887', 'Default_No_Compression', '', '+62816124', -1, '@instagram: Between dream and life with Lubi and Fubi http://t.co/1J4g0B8eJn/s/h8rI\n\nm.twitter.com/instagram', 29, '', 'false'),
('2014-09-14 03:29:40', '2014-09-12 21:48:47', '00400069006E007300740061006700720061006D003A00200050006100720074006900630069007000610074006500200069006E002000740068006900730020007700650065006B0065006E00640027007300200048006100730068007400610067002000500072006F006A006500630074003A0020002300570048005000620077006C0061006E006400730063006100700065007300200068007400740070003A002F002F0074002E0063006F002F0076003300470073004400650064006D006F0038002F0073002F004B00340076006D000A000A006D002E0074007700690074007400650072002E0063006F006D002F0069006E007300740061006700720061006D', '89887', 'Default_No_Compression', '', '+62816124', -1, '@instagram: Participate in this weekend''s Hashtag Project: #WHPbwlandscapes http://t.co/v3GsDedmo8/s/K4vm\n\nm.twitter.com/instagram', 30, '', 'false'),
('2014-09-14 03:29:40', '2014-09-13 06:41:55', '00460075007400730061006C002000770061006E002C002000610079006F0020006C007500200069006B007500740020006B006100670061003F', '+6283874876099', 'Default_No_Compression', '', '+628315000032', -1, 'Futsal wan, ayo lu ikut kaga?', 31, '', 'false'),
('2014-09-14 03:29:40', '2014-09-13 06:45:50', '004E0074006100720020006400750061002000770061006E002C00200067007700200073006F006C00610074002000640075006C0075002000790061000A004E0074006100720020006C0075002000670077002000730061006D007000650072', '+6283874876099', 'Default_No_Compression', '', '+628315000032', -1, 'Ntar dua wan, gw solat dulu ya\nNtar lu gw samper', 32, '', 'false'),
('2014-09-14 03:29:40', '2014-09-13 06:45:59', '004A0061006D0020006400750061', '+6283874876099', 'Default_No_Compression', '', '+628315000032', -1, 'Jam dua', 33, '', 'false'),
('2014-09-14 03:29:40', '2014-09-13 06:58:11', '00410079006F002000770061006E00200062006500720061006E0067006B00610074', '+6283874876099', 'Default_No_Compression', '', '+628315000032', -1, 'Ayo wan berangkat', 34, '', 'false'),
('2014-09-14 03:29:40', '2014-09-13 08:14:16', '0054006500720069006D00610020006B0061007300690068002000740065006C006100680020006D0065006E006A006100640069002000700065006C0061006E006700670061006E00200049006E0064006F007300610074002E0020004B0065006E0061006C0061006E002000740061006E00700061002000620061007400610073002000640061006E00200042004F004E0055005300200047005200410054004900530020004E0045004C0050004F004E0020003600300020006D0065006E00690074002C00200068007500620020002A003900350035002A003100230020006C0061006C0075002000590041002F004F004B', 'INDOSAT', 'Default_No_Compression', '', '+4560990999', -1, 'Terima kasih telah menjadi pelanggan Indosat. Kenalan tanpa batas dan BONUS GRATIS NELPON 60 menit, hub *955*1# lalu YA/OK', 35, '', 'false'),
('2014-09-14 03:29:40', '2014-09-13 09:17:33', '004F006B002E00200050006100640065002000740075006E006700670075002E', '+6285882332368', 'Default_No_Compression', '', '+62816124', -1, 'Ok. Pade tunggu.', 36, '', 'false'),
('2014-09-14 03:29:40', '2014-09-13 16:44:19', '00400069006E007300740061006700720061006D003A00200049006E0073006900640065002000740068006500200070006500720073006F006E0061006C0020006B00690074006300680065006E0020006F00660020006100200079006F0075006E006700200063006F006F006B0069006E0067002000700072006F0064006900670079002C0020004000730061006D005F0073007400650072006E00200068007400740070003A002F002F0074002E0063006F002F007500410075004F004800540034005A00540067002F0073002F0068006500490061000A000A006D002E0074007700690074007400650072002E0063006F006D002F0069006E007300740061006700720061006D', '89887', 'Default_No_Compression', '', '+62816124', -1, '@instagram: Inside the personal kitchen of a young cooking prodigy, @sam_stern http://t.co/uAuOHT4ZTg/s/heIa\n\nm.twitter.com/instagram', 37, '', 'false'),
('2014-09-14 03:29:40', '2014-09-13 17:07:40', '00400069006E007300740061006700720061006D003A0020002200490066002000690074002000730074006100720074007300200069006E0020006D007900200069006D006100670069006E006100740069006F006E0020007400680065006E00200074007200690075006D0070006800730020006F006E002000740068006500200070006C006100740065002D0074006800610074002000690073002000740068006500200075006C00740069006D0061007400650020007200750073006800200066006F00720020006D0065002E00220020002D004000730061006D005F0073007400650072006E000A000A006D002E0074007700690074007400650072002E0063006F006D002F0069006E007300740061006700720061006D', '89887', 'Default_No_Compression', '', '+62816124', -1, '@instagram: "If it starts in my imagination then triumphs on the plate-that is the ultimate rush for me." -@sam_stern\n\nm.twitter.com/instagram', 38, '', 'false'),
('2014-09-14 03:29:40', '2014-09-13 20:48:34', '00400069006E007300740061006700720061006D003A002000490067006E006900740069006E0067002000480061006E006400680065006C0064002000460069007200650077006F0072006B0073002000610074002000530075006D006D0065007200200046006500730074006900760061006C007300200069006E0020004A006100700061006E00200068007400740070003A002F002F0074002E0063006F002F0041005900760072006E00690063005700680042002F0073002F006C0067004E0034000A000A006D002E0074007700690074007400650072002E0063006F006D002F0069006E007300740061006700720061006D', '89887', 'Default_No_Compression', '', '+62816124', -1, '@instagram: Igniting Handheld Fireworks at Summer Festivals in Japan http://t.co/AYvrnicWhB/s/lgN4\n\nm.twitter.com/instagram', 39, '', 'false'),
('2014-09-14 03:29:40', '2014-09-14 03:13:59', '004900790061002C0020006C007500200069006B00750074002000670061002000770061006E003F', '+6283874876099', 'Default_No_Compression', '', '+628315000032', -1, 'Iya, lu ikut ga wan?', 40, '', 'false'),
('2014-09-14 03:29:41', '2014-09-14 03:15:32', '004900790061002C0020006E00740061007200200073006500740065006E006700610068002000320020006700770020006E00790061006D0070006500720020006C0075002000790061000A00420069006100720020006B006100670061002000740065006C00610074', '+6283874876099', 'Default_No_Compression', '', '+628315000032', -1, 'Iya, ntar setengah 2 gw nyamper lu ya\nBiar kaga telat', 41, '', 'false'),
('2014-09-14 03:32:58', '2014-09-14 03:32:49', '00670061006D006D0075002000720075006E006E0069006E00670020006F006E006C0069006E0065', '+628561146168', 'Default_No_Compression', '', '+62816124', -1, 'gammu running online', 42, '', 'false');

--
-- Triggers `inbox`
--
DROP TRIGGER IF EXISTS `inbox_timestamp`;
DELIMITER //
CREATE TRIGGER `inbox_timestamp` BEFORE INSERT ON `inbox`
 FOR EACH ROW BEGIN
    IF NEW.ReceivingDateTime = '0000-00-00 00:00:00' THEN
        SET NEW.ReceivingDateTime = CURRENT_TIMESTAMP();
    END IF;
END
//
DELIMITER ;

-- --------------------------------------------------------

--
-- Table structure for table `log`
--

CREATE TABLE IF NOT EXISTS `log` (
  `id` int(11) NOT NULL AUTO_INCREMENT,
  `user_id` int(4) NOT NULL,
  `kegiatan` varchar(100) NOT NULL,
  `waktu` timestamp NOT NULL DEFAULT CURRENT_TIMESTAMP,
  PRIMARY KEY (`id`)
) ENGINE=InnoDB  DEFAULT CHARSET=latin1 AUTO_INCREMENT=25 ;

--
-- Dumping data for table `log`
--

INSERT INTO `log` (`id`, `user_id`, `kegiatan`, `waktu`) VALUES
(1, 1, 'Login Sukses', '2014-09-11 08:05:17'),
(2, 1, 'User Logout', '2014-09-11 09:39:06'),
(3, 1, 'Login Sukses', '2014-09-11 10:18:16'),
(4, 1, 'Stop Service', '2014-09-11 10:18:28'),
(5, 1, 'User Logout', '2014-09-11 10:18:41'),
(6, 1, 'Login Sukses', '2014-09-12 02:40:43'),
(7, 1, 'Login Sukses', '2014-09-12 09:19:58'),
(8, 1, 'Start Service', '2014-09-12 09:27:12'),
(9, 1, 'Edit Kontak', '2014-09-12 09:59:21'),
(10, 1, 'Edit Kontak', '2014-09-12 09:59:38'),
(11, 1, 'Edit Kontak', '2014-09-12 09:59:45'),
(12, 1, 'Stop Service', '2014-09-12 11:26:58'),
(13, 1, 'Cek Pulsa', '2014-09-12 11:27:16'),
(14, 1, 'Tes Koneksi', '2014-09-12 11:28:43'),
(15, 1, 'Tes Koneksi', '2014-09-12 11:29:01'),
(16, 1, 'User Logout', '2014-09-12 11:30:14'),
(17, 1, 'Login Sukses', '2014-09-14 03:18:47'),
(18, 1, 'Start Service', '2014-09-14 03:29:15'),
(19, 1, 'Stop Service', '2014-09-14 06:00:02'),
(20, 1, 'User Logout', '2014-09-14 06:00:11'),
(21, 1, 'Login Sukses', '2014-09-15 15:12:40'),
(22, 1, 'User Logout', '2014-09-15 15:13:20'),
(23, 1, 'Login Sukses', '2014-09-25 03:51:44'),
(24, 0, 'User Logout', '2014-09-25 03:58:37');

-- --------------------------------------------------------

--
-- Table structure for table `menu`
--

CREATE TABLE IF NOT EXISTS `menu` (
  `id_m` int(2) NOT NULL AUTO_INCREMENT,
  `menu` varchar(55) NOT NULL,
  PRIMARY KEY (`id_m`)
) ENGINE=InnoDB  DEFAULT CHARSET=latin1 AUTO_INCREMENT=16 ;

--
-- Dumping data for table `menu`
--

INSERT INTO `menu` (`id_m`, `menu`) VALUES
(1, 'sms'),
(2, 'draf'),
(3, 'folder'),
(4, 'kontak'),
(5, 'user'),
(6, 'profile'),
(7, 'log'),
(8, 'akses'),
(9, 'gammu'),
(10, 'setting'),
(11, 'home'),
(12, 'kontakGroup'),
(13, 'cari'),
(14, 'notify'),
(15, 'getoutbox');

-- --------------------------------------------------------

--
-- Table structure for table `notify`
--

CREATE TABLE IF NOT EXISTS `notify` (
  `id` int(4) NOT NULL AUTO_INCREMENT,
  `old_total` int(5) NOT NULL,
  `read` enum('0','1') NOT NULL,
  `user_id` int(4) NOT NULL,
  `internet` enum('online','offline') NOT NULL DEFAULT 'offline',
  PRIMARY KEY (`id`)
) ENGINE=InnoDB  DEFAULT CHARSET=latin1 AUTO_INCREMENT=2 ;

--
-- Dumping data for table `notify`
--

INSERT INTO `notify` (`id`, `old_total`, `read`, `user_id`, `internet`) VALUES
(1, 42, '1', 1, 'offline');

-- --------------------------------------------------------

--
-- Table structure for table `outbox`
--

CREATE TABLE IF NOT EXISTS `outbox` (
  `UpdatedInDB` timestamp NOT NULL DEFAULT CURRENT_TIMESTAMP ON UPDATE CURRENT_TIMESTAMP,
  `InsertIntoDB` timestamp NOT NULL DEFAULT '0000-00-00 00:00:00',
  `SendingDateTime` timestamp NOT NULL DEFAULT '0000-00-00 00:00:00',
  `SendBefore` time NOT NULL DEFAULT '23:59:59',
  `SendAfter` time NOT NULL DEFAULT '00:00:00',
  `Text` text,
  `DestinationNumber` varchar(20) NOT NULL DEFAULT '',
  `Coding` enum('Default_No_Compression','Unicode_No_Compression','8bit','Default_Compression','Unicode_Compression') NOT NULL DEFAULT 'Default_No_Compression',
  `UDH` text,
  `Class` int(11) DEFAULT '-1',
  `TextDecoded` text NOT NULL,
  `ID` int(10) unsigned NOT NULL AUTO_INCREMENT,
  `MultiPart` enum('false','true') DEFAULT 'false',
  `RelativeValidity` int(11) DEFAULT '-1',
  `SenderID` varchar(255) DEFAULT NULL,
  `SendingTimeOut` timestamp NULL DEFAULT '0000-00-00 00:00:00',
  `DeliveryReport` enum('default','yes','no') DEFAULT 'default',
  `CreatorID` text NOT NULL,
  PRIMARY KEY (`ID`),
  KEY `outbox_date` (`SendingDateTime`,`SendingTimeOut`),
  KEY `outbox_sender` (`SenderID`)
) ENGINE=MyISAM  DEFAULT CHARSET=utf8 AUTO_INCREMENT=136 ;

--
-- Triggers `outbox`
--
DROP TRIGGER IF EXISTS `outbox_timestamp`;
DELIMITER //
CREATE TRIGGER `outbox_timestamp` BEFORE INSERT ON `outbox`
 FOR EACH ROW BEGIN
    IF NEW.InsertIntoDB = '0000-00-00 00:00:00' THEN
        SET NEW.InsertIntoDB = CURRENT_TIMESTAMP();
    END IF;
    IF NEW.SendingDateTime = '0000-00-00 00:00:00' THEN
        SET NEW.SendingDateTime = CURRENT_TIMESTAMP();
    END IF;
    IF NEW.SendingTimeOut = '0000-00-00 00:00:00' THEN
        SET NEW.SendingTimeOut = CURRENT_TIMESTAMP();
    END IF;
END
//
DELIMITER ;

-- --------------------------------------------------------

--
-- Table structure for table `outbox_multipart`
--

CREATE TABLE IF NOT EXISTS `outbox_multipart` (
  `Text` text,
  `Coding` enum('Default_No_Compression','Unicode_No_Compression','8bit','Default_Compression','Unicode_Compression') NOT NULL DEFAULT 'Default_No_Compression',
  `UDH` text,
  `Class` int(11) DEFAULT '-1',
  `TextDecoded` text,
  `ID` int(10) unsigned NOT NULL DEFAULT '0',
  `SequencePosition` int(11) NOT NULL DEFAULT '1',
  PRIMARY KEY (`ID`,`SequencePosition`)
) ENGINE=MyISAM DEFAULT CHARSET=utf8;

-- --------------------------------------------------------

--
-- Table structure for table `pbk`
--

CREATE TABLE IF NOT EXISTS `pbk` (
  `id_pbk` int(11) NOT NULL AUTO_INCREMENT,
  `group_id` int(3) NOT NULL DEFAULT '1',
  `user_id` int(4) NOT NULL,
  `name` varchar(55) NOT NULL,
  `number` varchar(15) NOT NULL,
  PRIMARY KEY (`id_pbk`)
) ENGINE=MyISAM  DEFAULT CHARSET=utf8 AUTO_INCREMENT=5 ;

--
-- Dumping data for table `pbk`
--

INSERT INTO `pbk` (`id_pbk`, `group_id`, `user_id`, `name`, `number`) VALUES
(1, 1, 1, 'admin', '+628561146168'),
(2, 1, 2, 'user', '085612345678'),
(3, 1, 3, 'budi', '085687654321'),
(4, 1, 1, 'lito', '+6285285077044');

-- --------------------------------------------------------

--
-- Table structure for table `pbk_groups`
--

CREATE TABLE IF NOT EXISTS `pbk_groups` (
  `id` int(2) NOT NULL AUTO_INCREMENT,
  `user_id` int(4) NOT NULL,
  `name` varchar(55) NOT NULL,
  PRIMARY KEY (`id`)
) ENGINE=MyISAM  DEFAULT CHARSET=utf8 AUTO_INCREMENT=2 ;

--
-- Dumping data for table `pbk_groups`
--

INSERT INTO `pbk_groups` (`id`, `user_id`, `name`) VALUES
(1, 1, '-');

-- --------------------------------------------------------

--
-- Table structure for table `phones`
--

CREATE TABLE IF NOT EXISTS `phones` (
  `ID` text NOT NULL,
  `UpdatedInDB` timestamp NOT NULL DEFAULT CURRENT_TIMESTAMP ON UPDATE CURRENT_TIMESTAMP,
  `InsertIntoDB` timestamp NOT NULL DEFAULT '0000-00-00 00:00:00',
  `TimeOut` timestamp NOT NULL DEFAULT '0000-00-00 00:00:00',
  `Send` enum('yes','no') NOT NULL DEFAULT 'no',
  `Receive` enum('yes','no') NOT NULL DEFAULT 'no',
  `IMEI` varchar(35) NOT NULL,
  `Client` text NOT NULL,
  `Battery` int(11) NOT NULL DEFAULT '-1',
  `Signal` int(11) NOT NULL DEFAULT '-1',
  `Sent` int(11) NOT NULL DEFAULT '0',
  `Received` int(11) NOT NULL DEFAULT '0',
  PRIMARY KEY (`IMEI`)
) ENGINE=MyISAM DEFAULT CHARSET=utf8;

--
-- Dumping data for table `phones`
--

INSERT INTO `phones` (`ID`, `UpdatedInDB`, `InsertIntoDB`, `TimeOut`, `Send`, `Receive`, `IMEI`, `Client`, `Battery`, `Signal`, `Sent`, `Received`) VALUES
('', '2014-09-14 05:45:35', '2014-09-14 03:29:31', '2014-09-14 05:45:45', 'yes', 'yes', '351942010551735', 'Gammu 1.33.0, Windows Server 2007, GCC 4.7, MinGW 3.11', 88, 57, 1, 15);

--
-- Triggers `phones`
--
DROP TRIGGER IF EXISTS `phones_timestamp`;
DELIMITER //
CREATE TRIGGER `phones_timestamp` BEFORE INSERT ON `phones`
 FOR EACH ROW BEGIN
    IF NEW.InsertIntoDB = '0000-00-00 00:00:00' THEN
        SET NEW.InsertIntoDB = CURRENT_TIMESTAMP();
    END IF;
    IF NEW.TimeOut = '0000-00-00 00:00:00' THEN
        SET NEW.TimeOut = CURRENT_TIMESTAMP();
    END IF;
END
//
DELIMITER ;

-- --------------------------------------------------------

--
-- Table structure for table `saved_folder`
--

CREATE TABLE IF NOT EXISTS `saved_folder` (
  `id_save` int(4) NOT NULL AUTO_INCREMENT,
  `id_folder` int(4) NOT NULL,
  `id_pesan` int(11) NOT NULL,
  `id_user` int(4) NOT NULL,
  `waktu` datetime NOT NULL,
  `number` varchar(25) NOT NULL,
  `pesan` text NOT NULL,
  `table` varchar(25) NOT NULL,
  PRIMARY KEY (`id_save`)
) ENGINE=InnoDB DEFAULT CHARSET=latin1 AUTO_INCREMENT=1 ;

-- --------------------------------------------------------

--
-- Table structure for table `sentitems`
--

CREATE TABLE IF NOT EXISTS `sentitems` (
  `UpdatedInDB` timestamp NOT NULL DEFAULT CURRENT_TIMESTAMP ON UPDATE CURRENT_TIMESTAMP,
  `InsertIntoDB` timestamp NOT NULL DEFAULT '0000-00-00 00:00:00',
  `SendingDateTime` timestamp NOT NULL DEFAULT '0000-00-00 00:00:00',
  `DeliveryDateTime` timestamp NULL DEFAULT NULL,
  `Text` text NOT NULL,
  `DestinationNumber` varchar(20) NOT NULL DEFAULT '',
  `Coding` enum('Default_No_Compression','Unicode_No_Compression','8bit','Default_Compression','Unicode_Compression') NOT NULL DEFAULT 'Default_No_Compression',
  `UDH` text NOT NULL,
  `SMSCNumber` varchar(20) NOT NULL DEFAULT '',
  `Class` int(11) NOT NULL DEFAULT '-1',
  `TextDecoded` text NOT NULL,
  `ID` int(10) unsigned NOT NULL DEFAULT '0',
  `SenderID` varchar(255) NOT NULL,
  `SequencePosition` int(11) NOT NULL DEFAULT '1',
  `Status` enum('SendingOK','SendingOKNoReport','SendingError','DeliveryOK','DeliveryFailed','DeliveryPending','DeliveryUnknown','Error') NOT NULL DEFAULT 'SendingOK',
  `StatusError` int(11) NOT NULL DEFAULT '-1',
  `TPMR` int(11) NOT NULL DEFAULT '-1',
  `RelativeValidity` int(11) NOT NULL DEFAULT '-1',
  `CreatorID` text NOT NULL,
  PRIMARY KEY (`ID`,`SequencePosition`),
  KEY `sentitems_date` (`DeliveryDateTime`),
  KEY `sentitems_tpmr` (`TPMR`),
  KEY `sentitems_dest` (`DestinationNumber`),
  KEY `sentitems_sender` (`SenderID`)
) ENGINE=MyISAM DEFAULT CHARSET=utf8;

--
-- Dumping data for table `sentitems`
--

INSERT INTO `sentitems` (`UpdatedInDB`, `InsertIntoDB`, `SendingDateTime`, `DeliveryDateTime`, `Text`, `DestinationNumber`, `Coding`, `UDH`, `SMSCNumber`, `Class`, `TextDecoded`, `ID`, `SenderID`, `SequencePosition`, `Status`, `StatusError`, `TPMR`, `RelativeValidity`, `CreatorID`) VALUES
('2014-09-12 09:51:18', '2014-09-12 09:51:07', '2014-09-12 09:51:18', NULL, '00670061006D006D00750020006F006E006C0069006E0065002E002E002E', '+628561146168', 'Default_No_Compression', '', '+62855000000', -1, 'gammu online...', 125, '', 1, 'SendingOKNoReport', -1, 218, 255, 'Gammu 1.33.0'),
('2014-09-12 09:53:19', '2014-09-12 09:53:13', '2014-09-12 09:53:19', NULL, 'EFEFEFDFEFEFEFEFEFDFEFEF', '+628561146168', 'Default_No_Compression', '', '+62855000000', -1, '', 126, '', 1, 'SendingOKNoReport', -1, 219, 255, ''),
('2014-09-12 09:57:47', '2014-09-12 09:57:14', '2014-09-12 09:57:47', NULL, '007500640061006800200074006F002C0020006B00610062006100720020006200610069006B002C002000740061006400690020006B0075006C00690061006800200074006100700069002000630075006D0061006E002000730061006D0070006100690020007300690061006E006700200064006F0061006E002C0020006D006100730075006B0020006B0065006C00610073002000610070006100200061006A006100200074006F003F', '6285285077044', 'Default_No_Compression', '', '+62855000000', -1, 'udah to, kabar baik, tadi kuliah tapi cuman sampai siang doan, masuk kelas apa aja to?', 127, '', 1, 'SendingOKNoReport', -1, 220, 255, 'Gammu 1.33.0'),
('2014-09-12 10:10:06', '2014-09-12 10:09:50', '2014-09-12 10:10:06', NULL, '00670061002000740065007200620061006E00670020006C00610067006900200073006500700065007200740069006E00790061002C0020006E00670061006D00620069006C00200073006B00730020003100360020006D006100750020006E00670075006C0061006E0067002000740061006B00740075002000620065006E00740072006F006B0020006A0061006400770061006C006E00790061002E', '+6285285077044', 'Default_No_Compression', '', '+62855000000', -1, 'ga terbang lagi sepertinya, ngambil sks 16 mau ngulang taktu bentrok jadwalnya.', 128, '', 1, 'SendingOKNoReport', -1, 221, 255, 'Gammu 1.33.0'),
('2014-09-12 10:20:33', '2014-09-12 10:20:27', '2014-09-12 10:20:33', NULL, '006D00610075002000670061006E007400690020006D0061007400680020006B006500750061006E00670061006E002000640065006E00670061006E0020006D006100740068002000610073007500720061006E00730069002C0020006D006100750020006E006700750072007500730020006B007200730020006C0061006700690020006E0069006800200073006500700065007200740069006E00790061002E', '6285285077044', 'Default_No_Compression', '', '+62855000000', -1, 'mau ganti math keuangan dengan math asuransi, mau ngurus krs lagi nih sepertinya.', 129, '', 1, 'SendingOKNoReport', -1, 222, 255, 'Gammu 1.33.0'),
('2014-09-12 10:27:23', '2014-09-12 10:27:04', '2014-09-12 10:27:23', NULL, '0069007900610020006B0061006E002000730061006C006100680020007300610074007500200064006F0061006E00670020006B0061006C006F0020006700610020006D0061007400680020006B006500750061006E00670061006E0020006D006100740068002000610073007500720061006E00730069002C002000630075006D00610020006D0061007400610020006B0075006C006900610068002000740061006D0062006100680061006E00200064006F0061006E00670020006B006F006B002E', '6285285077044', 'Default_No_Compression', '', '+62855000000', -1, 'iya kan salah satu doang kalo ga math keuangan math asuransi, cuma mata kuliah tambahan doang kok.', 130, '', 1, 'SendingOKNoReport', -1, 223, 255, 'Gammu 1.33.0'),
('2014-09-12 10:34:51', '2014-09-12 10:34:28', '2014-09-12 10:34:51', NULL, '00690079006100200074006F002000730061006D00610020006200750020007300750064006900790061006800200074006100700069002000620075006B0061006E0020006D0061007400680020006B00650075006E00670061006E0020006200750020007300750064006900790061006800200061006E0061006C0069007300610020007200650061006C', '6285285077044', 'Default_No_Compression', '', '+62855000000', -1, 'iya to sama bu sudiyah tapi bukan math keungan bu sudiyah analisa real', 131, '', 1, 'SendingOKNoReport', -1, 224, 255, 'Gammu 1.33.0'),
('2014-09-12 10:38:05', '2014-09-12 10:37:46', '2014-09-12 10:38:05', NULL, '00620061006700750073002000630061006E00740069006B00200074006F00200077006B0077006B00770020003A0050', '6285285077044', 'Default_No_Compression', '', '+62855000000', -1, 'bagus cantik to wkwkw :P', 132, '', 1, 'SendingOKNoReport', -1, 225, 255, 'Gammu 1.33.0'),
('2014-09-12 10:41:56', '2014-09-12 10:41:25', '2014-09-12 10:41:56', NULL, '00730061006D00730020006200750020007A00650069006E0079007400610020006B0061006C006F002000670061002000730061006C006100680020006B0065006D006100720065006E0020006700610020006D006100730075006B00200064006F00730065006E006E007900610020006A006100640069002000620065006C0075006D002000620065006C0061006A00610072002000670077002E', '6285285077044', 'Default_No_Compression', '', '+62855000000', -1, 'sams bu zeinyta kalo ga salah kemaren ga masuk dosennya jadi belum belajar gw.', 133, '', 1, 'SendingOKNoReport', -1, 226, 255, 'Gammu 1.33.0'),
('2014-09-12 10:45:06', '2014-09-12 10:44:55', '2014-09-12 10:45:06', NULL, '0067006100200074006100750020007500640061006800200064006900740075006C006900730069006E0020006B00720073006E007900610020006A00610064006900200069006B007500740020006B0065006C0061007300200041002000730065006D00750061002C002000740069006E006700670061006C0020006D0061007400680020006B006500750061006E00670061006E00200064006F0061006E00670020006D0061007500200072006500760069007300690020006E0069006800200063006F007A0020006D00610075002000670061006E007400690020006D006100740068002000610073007500720061006E00730069', '6285285077044', 'Default_No_Compression', '', '+62855000000', -1, 'ga tau udah ditulisin krsnya jadi ikut kelas A semua, tinggal math keuangan doang mau revisi nih coz mau ganti math asuransi', 134, '', 1, 'SendingError', -1, -1, 255, 'Gammu 1.33.0'),
('2014-09-14 03:32:48', '2014-09-14 03:32:27', '2014-09-14 03:32:48', NULL, '00670061006D006D0075002000720075006E006E0069006E00670020006F006E006C0069006E0065', '+628561146168', 'Default_No_Compression', '', '+62855000000', -1, 'gammu running online', 135, '', 1, 'SendingOKNoReport', -1, 238, 255, 'Gammu 1.33.0');

--
-- Triggers `sentitems`
--
DROP TRIGGER IF EXISTS `sentitems_timestamp`;
DELIMITER //
CREATE TRIGGER `sentitems_timestamp` BEFORE INSERT ON `sentitems`
 FOR EACH ROW BEGIN
    IF NEW.InsertIntoDB = '0000-00-00 00:00:00' THEN
        SET NEW.InsertIntoDB = CURRENT_TIMESTAMP();
    END IF;
    IF NEW.SendingDateTime = '0000-00-00 00:00:00' THEN
        SET NEW.SendingDateTime = CURRENT_TIMESTAMP();
    END IF;
END
//
DELIMITER ;

-- --------------------------------------------------------

--
-- Table structure for table `sms_temp`
--

CREATE TABLE IF NOT EXISTS `sms_temp` (
  `id` int(11) NOT NULL AUTO_INCREMENT,
  `nomor` varchar(15) NOT NULL,
  `text` text NOT NULL,
  `waktu` timestamp NOT NULL DEFAULT CURRENT_TIMESTAMP,
  `user_id` int(4) NOT NULL,
  PRIMARY KEY (`id`)
) ENGINE=InnoDB DEFAULT CHARSET=latin1 AUTO_INCREMENT=1 ;

-- --------------------------------------------------------

--
-- Table structure for table `sticker`
--

CREATE TABLE IF NOT EXISTS `sticker` (
  `id` int(2) NOT NULL AUTO_INCREMENT,
  `page` varchar(55) NOT NULL,
  `isi` text NOT NULL,
  `aktif` enum('yes','no') NOT NULL DEFAULT 'no',
  PRIMARY KEY (`id`)
) ENGINE=InnoDB  DEFAULT CHARSET=latin1 AUTO_INCREMENT=4 ;

--
-- Dumping data for table `sticker`
--

INSERT INTO `sticker` (`id`, `page`, `isi`, `aktif`) VALUES
(1, 'login', 'SMSG gammu service <span style=''color:green''>ON</span> silahkan daftar / login dan nikmati sms gratis... oke', 'no'),
(2, 'login', 'SMSG gammu service <span style=''color:red''>OFF</span> maaf untuk sementara ini service gammu aktif di jam 10.00 s/d 12.00 wib', 'yes'),
(3, 'index', 'Jika Masih terdapat bug mohon dimaklumi, karena masih dalam pengembangan anda bisa mengirimkan email ke <span style=''color:blue''>uchiheakun@gmail.com</span>', 'yes');

-- --------------------------------------------------------

--
-- Table structure for table `user`
--

CREATE TABLE IF NOT EXISTS `user` (
  `id` int(4) NOT NULL AUTO_INCREMENT,
  `nama` varchar(100) NOT NULL,
  `user` varchar(55) NOT NULL,
  `pass` varchar(100) NOT NULL,
  `email` varchar(100) NOT NULL,
  `id_akses` int(1) NOT NULL,
  `waktu` timestamp NOT NULL DEFAULT CURRENT_TIMESTAMP ON UPDATE CURRENT_TIMESTAMP,
  PRIMARY KEY (`id`)
) ENGINE=InnoDB  DEFAULT CHARSET=latin1 AUTO_INCREMENT=4 ;

--
-- Dumping data for table `user`
--

INSERT INTO `user` (`id`, `nama`, `user`, `pass`, `email`, `id_akses`, `waktu`) VALUES
(1, 'admin', 'admin', 'd033e22ae348aeb5660fc2140aec35850c4da997', 'admin@smsg.com', 1, '2014-08-30 17:00:00'),
(2, 'user', 'user', '12dea96fec20593566ab75692c9949596833adc9', 'user@user.com', 2, '2014-09-06 08:02:04'),
(3, 'budi', 'budi', '83161a62f22277c65a6cdb7ebc314f218c376c63', 'budi@gmail.com', 2, '2014-09-11 03:07:08');

/*!40101 SET CHARACTER_SET_CLIENT=@OLD_CHARACTER_SET_CLIENT */;
/*!40101 SET CHARACTER_SET_RESULTS=@OLD_CHARACTER_SET_RESULTS */;
/*!40101 SET COLLATION_CONNECTION=@OLD_COLLATION_CONNECTION */;
